,id,862,865,866,867,868,869,870,871,872,873,874,875,876,877,878,879,880,881,882,883,884,885,886,887,888,889,890,891,892,893,894,895,896,897,898,899,900,901,902,903,904,905,906,907,908,909,910,911,912,913,914,915,916,917,918,919,920,921,922,923,924,925,926,927,928,929,930,931,932,933,934,935,936,937,938,939,940,947,948,949
0,862.0,1.0,,,,,,,,,,,,,,,,,,,,,,,,,,,,,,,,,,,,,,,,,,,,,,,,,,,,,,,,,,,,,,,,,,,,,,,,,,,,,,,
1,865.0,0.185027167,1.0,,,,,,,,,,,,,,,,,,,,,,,,,,,,,,,,,,,,,,,,,,,,,,,,,,,,,,,,,,,,,,,,,,,,,,,,,,,,,,
2,866.0,0.184422716,0.085743248,1.000000119,,,,,,,,,,,,,,,,,,,,,,,,,,,,,,,,,,,,,,,,,,,,,,,,,,,,,,,,,,,,,,,,,,,,,,,,,,,,,
3,867.0,0.304993391,0.09434104,0.24876222,1.000000477,,,,,,,,,,,,,,,,,,,,,,,,,,,,,,,,,,,,,,,,,,,,,,,,,,,,,,,,,,,,,,,,,,,,,,,,,,,,
4,868.0,0.133721799,0.111437149,0.149862111,0.051367782,1.0,,,,,,,,,,,,,,,,,,,,,,,,,,,,,,,,,,,,,,,,,,,,,,,,,,,,,,,,,,,,,,,,,,,,,,,,,,,
5,869.0,0.28122443,0.10843876,0.057251688,0.188342378,0.200709671,1.000000358,,,,,,,,,,,,,,,,,,,,,,,,,,,,,,,,,,,,,,,,,,,,,,,,,,,,,,,,,,,,,,,,,,,,,,,,,,
6,870.0,0.128147215,0.137446105,0.343523711,0.099805795,0.084800817,0.044805937,0.999999762,,,,,,,,,,,,,,,,,,,,,,,,,,,,,,,,,,,,,,,,,,,,,,,,,,,,,,,,,,,,,,,,,,,,,,,,,
7,871.0,0.245395958,0.201867238,0.183623806,0.213205621,0.206776291,0.278726369,0.189961046,1.000000238,,,,,,,,,,,,,,,,,,,,,,,,,,,,,,,,,,,,,,,,,,,,,,,,,,,,,,,,,,,,,,,,,,,,,,,,
8,872.0,0.0269369,0.132406428,0.042277873,0.121690631,-0.011008333,0.13152197,0.079003431,0.131907254,1.000000119,,,,,,,,,,,,,,,,,,,,,,,,,,,,,,,,,,,,,,,,,,,,,,,,,,,,,,,,,,,,,,,,,,,,,,,
9,873.0,0.0450949,0.014972938,-0.028303467,-0.022336751,-0.06213931,0.033013336,-0.039103381,0.043926366,-0.011788505,0.999999642,,,,,,,,,,,,,,,,,,,,,,,,,,,,,,,,,,,,,,,,,,,,,,,,,,,,,,,,,,,,,,,,,,,,,,
10,874.0,0.130337536,-0.012091637,0.145562351,0.07462544,0.157431513,0.358948499,0.096657708,0.00307852,0.009004354,-0.082685389,0.999999702,,,,,,,,,,,,,,,,,,,,,,,,,,,,,,,,,,,,,,,,,,,,,,,,,,,,,,,,,,,,,,,,,,,,,
11,875.0,0.042228151,0.064457767,0.022228099,0.035112321,-0.003310964,0.227398515,0.105426766,0.082536004,0.068864651,0.007056665,0.106283039,0.99999994,,,,,,,,,,,,,,,,,,,,,,,,,,,,,,,,,,,,,,,,,,,,,,,,,,,,,,,,,,,,,,,,,,,,
12,876.0,0.039892942,0.068489358,0.056519672,0.000807712,-0.0440818,0.042117767,0.003564246,0.053862754,0.019650921,-0.001888517,0.010038573,0.308952123,1.000000238,,,,,,,,,,,,,,,,,,,,,,,,,,,,,,,,,,,,,,,,,,,,,,,,,,,,,,,,,,,,,,,,,,,
13,877.0,0.134760946,0.137874573,0.115941241,0.310431153,0.14446044,0.122812666,0.102452859,0.073358797,0.098911367,-0.061548144,0.163367152,0.104719087,0.190342605,0.999999762,,,,,,,,,,,,,,,,,,,,,,,,,,,,,,,,,,,,,,,,,,,,,,,,,,,,,,,,,,,,,,,,,,
14,878.0,0.272234827,0.151440024,0.549365461,0.2743752,0.09651649,0.081659801,0.371071875,0.240920454,0.084687673,-0.111749262,0.080370523,0.013207022,0.016488142,0.129820809,1.000000238,,,,,,,,,,,,,,,,,,,,,,,,,,,,,,,,,,,,,,,,,,,,,,,,,,,,,,,,,,,,,,,,,
15,879.0,0.21970804,0.23310639,0.296215683,0.235235333,0.089076012,0.032495826,0.153443858,0.22792241,0.035351977,-0.071908414,0.005910566,-0.063371941,-0.018418208,0.013714611,0.44048354,0.999999642,,,,,,,,,,,,,,,,,,,,,,,,,,,,,,,,,,,,,,,,,,,,,,,,,,,,,,,,,,,,,,,,
16,880.0,0.269952834,0.113528244,0.496185362,0.218491003,0.046296909,0.027121881,0.33253926,0.205324933,0.085373595,-0.022736058,0.041513041,0.026167359,-0.000381549,0.120874204,0.822072744,0.282503039,1.000000119,,,,,,,,,,,,,,,,,,,,,,,,,,,,,,,,,,,,,,,,,,,,,,,,,,,,,,,,,,,,,,,
17,881.0,0.335749686,0.298363835,0.238578722,0.311621845,0.036437534,0.058596868,0.123467408,0.145225003,0.044430539,-0.102538809,-0.046067268,0.044750813,-0.015831385,0.147005111,0.329957426,0.34388414,0.317177296,1.000000358,,,,,,,,,,,,,,,,,,,,,,,,,,,,,,,,,,,,,,,,,,,,,,,,,,,,,,,,,,,,,,
18,882.0,0.296156883,-0.007707234,0.312721044,0.229666412,0.199302524,0.131022021,0.117192581,0.201097906,0.028024957,0.065382831,-0.00875403,0.064717703,-0.005135724,0.045275331,0.173164129,0.182531327,0.161201328,0.214312047,1.0,,,,,,,,,,,,,,,,,,,,,,,,,,,,,,,,,,,,,,,,,,,,,,,,,,,,,,,,,,,,,
19,883.0,0.216948718,0.012711293,0.126994625,0.207277134,0.082858808,0.0738976,0.120060854,0.072780609,-0.01803283,-0.002903763,-0.002538789,0.02006923,0.111050531,0.042994663,0.035423372,0.142768785,-0.014784876,0.141041189,0.263000965,1.000000119,,,,,,,,,,,,,,,,,,,,,,,,,,,,,,,,,,,,,,,,,,,,,,,,,,,,,,,,,,,,
20,884.0,0.173441723,0.126071215,0.281434119,0.242372796,0.049983744,0.089614421,0.050348412,0.110868327,-0.048099346,-0.086486056,0.03243766,-0.013442081,0.054321505,0.084610827,0.259444028,0.350703895,0.275226504,0.277441323,0.118670151,0.00218524,1.000000477,,,,,,,,,,,,,,,,,,,,,,,,,,,,,,,,,,,,,,,,,,,,,,,,,,,,,,,,,,,
21,885.0,0.251463711,0.228999496,0.278701961,0.256818116,0.048714805,0.139276832,0.207392722,0.2478185,0.066518009,-0.126658708,0.112896957,0.090580985,0.018106814,0.167878091,0.298315048,0.27703017,0.290453196,0.465880603,0.220562726,0.207859159,0.28987664,1.000000477,,,,,,,,,,,,,,,,,,,,,,,,,,,,,,,,,,,,,,,,,,,,,,,,,,,,,,,,,,
22,886.0,0.237884298,0.099604785,0.26153326,0.152294472,0.063414216,0.11144346,0.060382254,0.233835369,0.101699263,0.09706033,-0.016387604,0.021296464,0.100927442,-0.031671584,0.23985894,0.20087558,0.257637382,0.120130196,0.134319991,0.171925694,0.2513991,0.244988024,1.000000238,,,,,,,,,,,,,,,,,,,,,,,,,,,,,,,,,,,,,,,,,,,,,,,,,,,,,,,,,
23,887.0,0.146429032,0.083153367,0.112270191,0.104206681,0.079695076,0.077509984,0.159579754,0.025728047,0.048208155,0.005033674,0.110643648,0.131355196,0.175710678,0.375441581,0.057660028,0.090100467,0.067498177,0.061496016,0.145007759,0.082102627,-0.010622106,0.091751985,-0.005435428,1.0,,,,,,,,,,,,,,,,,,,,,,,,,,,,,,,,,,,,,,,,,,,,,,,,,,,,,,,,
24,888.0,0.255265474,0.28336063,0.192168951,0.210853294,0.0847857,0.035634387,0.1696226,0.167680457,0.04928128,-0.11151538,0.049918227,0.060844637,0.081877366,0.118805051,0.306168377,0.312959224,0.221592665,0.439406276,0.203403682,0.117591321,0.29569912,0.435087323,0.102547199,0.112958767,0.999999821,,,,,,,,,,,,,,,,,,,,,,,,,,,,,,,,,,,,,,,,,,,,,,,,,,,,,,,
25,889.0,0.151015982,0.233922273,0.281567425,0.28552857,0.038958792,0.082492627,0.244149446,0.139459938,0.134041324,-0.046086658,0.16324234,0.0040817,0.04171171,0.222401798,0.268505871,0.265867531,0.194629997,0.28106904,0.111832857,0.092664823,0.161706626,0.220073193,0.085170776,0.126740888,0.27977109,1.000000119,,,,,,,,,,,,,,,,,,,,,,,,,,,,,,,,,,,,,,,,,,,,,,,,,,,,,,
26,890.0,0.204951435,0.222927243,0.143636033,0.195936322,0.102995381,0.210240036,0.085650444,0.193495959,0.163539112,0.064492702,0.133743018,0.123643413,0.023356371,0.203860655,0.092178687,0.070571527,0.157111257,0.191442773,0.110589765,0.088945843,0.008495783,0.274088651,0.032836936,0.184302479,0.21125944,0.208506882,0.999999821,,,,,,,,,,,,,,,,,,,,,,,,,,,,,,,,,,,,,,,,,,,,,,,,,,,,,
27,891.0,0.163763881,0.121546805,0.172585577,0.211063236,0.204976141,0.204402938,0.144762129,0.190729603,0.116623886,-0.077347495,0.133257285,0.090985037,-0.049832158,0.18463552,0.203075707,0.181156829,0.178309545,0.173268288,0.219922379,0.047969118,0.16858086,0.166608676,0.315424174,0.011824043,0.183935523,0.221799105,0.139187336,1.000000119,,,,,,,,,,,,,,,,,,,,,,,,,,,,,,,,,,,,,,,,,,,,,,,,,,,,
28,892.0,0.284097254,0.260090947,0.298064947,0.228652388,-0.013818881,0.061637457,0.165182769,0.31534344,0.077449322,-0.01618417,-0.020521229,0.058383897,0.023030069,0.064106904,0.354156792,0.203520536,0.381322086,0.299675524,0.096554115,0.084774435,0.255751967,0.371297657,0.372419357,0.133173779,0.235964984,0.229478031,0.225577742,0.225279957,1.000000119,,,,,,,,,,,,,,,,,,,,,,,,,,,,,,,,,,,,,,,,,,,,,,,,,,,
29,893.0,0.107346699,0.40296188,0.051488213,0.017526645,-0.02000827,0.029921332,0.152426392,0.137277529,0.077317633,0.052901469,0.031471852,0.009441737,-0.099231206,0.09548334,0.132984355,0.228453428,0.130667806,0.18942593,0.074986584,0.004059426,0.10118065,0.178428024,-0.065871954,0.092653811,0.395720512,0.332530379,0.276629001,0.110656239,0.172839761,1.000000119,,,,,,,,,,,,,,,,,,,,,,,,,,,,,,,,,,,,,,,,,,,,,,,,,,
30,894.0,0.043914825,0.164313555,0.125354424,0.237360984,0.136441305,0.078949988,0.187612772,0.273706019,0.075265437,0.009940762,0.014797831,0.00858666,0.034753624,0.172991782,0.237418771,0.110269167,0.148808792,0.237694681,0.098256901,0.130343288,0.115791485,0.22442165,0.005254877,0.085420251,0.247288555,0.356490731,0.204182237,0.186346784,0.146996617,0.291586757,1.000000477,,,,,,,,,,,,,,,,,,,,,,,,,,,,,,,,,,,,,,,,,,,,,,,,,
31,895.0,0.206914425,0.29579556,0.202355102,0.262303412,-0.024465768,0.025685769,0.166030914,0.169353843,0.136760488,0.059197232,0.024684934,0.095465556,-0.033297211,0.109923959,0.246890798,0.225071356,0.333596587,0.385984898,0.14663291,0.087299332,0.159224361,0.362649739,0.091170892,0.05966787,0.401245654,0.240092099,0.420769006,0.088379391,0.308947504,0.530649781,0.265534103,0.99999994,,,,,,,,,,,,,,,,,,,,,,,,,,,,,,,,,,,,,,,,,,,,,,,,
32,896.0,0.255792797,0.155114084,0.19686532,0.219489008,-0.012823982,0.079541504,0.225000948,0.114837751,0.041413389,-0.003573388,0.169365048,0.078286305,-0.029095218,0.137490928,0.098505124,0.21380055,0.124172524,0.224557921,0.160860449,0.220072091,0.191187412,0.337787449,0.095507562,0.114008702,0.309081674,0.283054084,0.262591928,0.1115335,0.272573918,0.45052129,0.238752842,0.500649214,1.000000238,,,,,,,,,,,,,,,,,,,,,,,,,,,,,,,,,,,,,,,,,,,,,,,
33,897.0,0.349092424,0.401613474,0.254529238,0.197047472,-0.007918727,0.0575913,0.209285945,0.279101491,0.105959266,0.050018758,-0.006423,0.07042522,0.052973781,0.067002445,0.33415857,0.31065166,0.36838001,0.456857145,0.218761861,0.090386756,0.236056328,0.471012533,0.211622834,0.101937227,0.440104246,0.186324671,0.351704061,0.238480389,0.530153036,0.379758656,0.188469991,0.548667848,0.437792778,1.000000119,,,,,,,,,,,,,,,,,,,,,,,,,,,,,,,,,,,,,,,,,,,,,,
34,898.0,0.28690201,0.267305315,0.302297771,0.322786212,0.127933323,0.069424883,0.280523449,0.302416831,0.142339498,0.01183684,0.076092348,0.091538481,0.052301329,0.158121064,0.272120625,0.244553104,0.267603219,0.399033904,0.26983285,0.171022251,0.212669939,0.385292858,0.173029289,0.162115157,0.328927457,0.402389407,0.367685854,0.201172307,0.391494751,0.293716729,0.318323433,0.55075568,0.479060113,0.518814623,1.000000477,,,,,,,,,,,,,,,,,,,,,,,,,,,,,,,,,,,,,,,,,,,,,
35,899.0,0.0269369,0.132406428,0.042277873,0.121690631,-0.011008333,0.13152197,0.079003431,0.131907254,1.000000119,-0.011788579,0.009004403,0.068864629,0.019650949,0.09891133,0.084687777,0.03535204,0.085373618,0.044430539,0.02802499,-0.018032869,-0.048099265,0.066517979,0.1016993,0.04820814,0.049281269,0.134041399,0.163539127,0.116623849,0.077449366,0.077317625,0.07526546,0.136760533,0.041413415,0.105959319,0.142339483,1.000000119,,,,,,,,,,,,,,,,,,,,,,,,,,,,,,,,,,,,,,,,,,,,
36,900.0,0.215783179,0.127543747,0.639663458,0.251868129,0.199105054,0.113447607,0.169231594,0.125537813,-0.012342252,-0.016068047,0.07712058,-0.035780564,0.019152744,0.10098736,0.539485216,0.343144357,0.462955862,0.261160493,0.195118546,0.023807853,0.366400331,0.208429933,0.170772895,0.037245862,0.219330132,0.204765514,0.112734832,0.172137201,0.221951336,0.046580128,0.127160668,0.157259494,0.121070974,0.16937229,0.227523044,-0.012342252,1.000000477,,,,,,,,,,,,,,,,,,,,,,,,,,,,,,,,,,,,,,,,,,,
37,901.0,0.301744938,0.107738458,0.313396335,0.201506764,-0.032660075,0.037173051,0.162539601,0.129980549,-0.007165292,0.067187369,0.039139029,0.06078843,0.047297537,0.057566304,0.259610027,0.217885613,0.306067765,0.269975126,0.184843034,0.116845705,0.256607771,0.332880437,0.378633559,0.069763795,0.219501734,0.153948992,0.009492531,0.183490857,0.232788667,0.049191087,-0.00926438,0.266234338,0.217551023,0.331947058,0.259185433,-0.007165292,0.237624198,0.99999994,,,,,,,,,,,,,,,,,,,,,,,,,,,,,,,,,,,,,,,,,,
38,902.0,0.137763664,0.252526224,0.121246696,0.013548687,0.084054723,0.177194953,0.101313815,0.254070997,0.053463414,0.009424502,0.100381449,0.10624858,-0.001424469,0.029808424,0.251683861,0.230673134,0.184430555,0.165505081,0.070449792,-0.073754176,0.129433811,0.196220219,0.222495854,-0.086044505,0.166175604,0.090141572,-0.018225493,0.321075499,0.042276606,0.117807798,0.079218842,0.0534532,0.014376648,0.152299002,0.000426471,0.053463414,0.236630976,0.224236339,0.999999762,,,,,,,,,,,,,,,,,,,,,,,,,,,,,,,,,,,,,,,,,
39,903.0,0.0269369,0.132406428,0.042277873,0.121690631,-0.011008333,0.13152197,0.079003431,0.131907254,1.000000119,-0.011788579,0.009004403,0.068864629,0.019650949,0.09891133,0.084687777,0.03535204,0.085373618,0.044430539,0.02802499,-0.018032869,-0.048099265,0.066517979,0.1016993,0.04820814,0.049281269,0.134041339,0.163539112,0.116623849,0.077449366,0.077317625,0.07526546,0.136760533,0.041413415,0.105959319,0.142339483,1.000000119,-0.012342195,-0.007165313,0.053463522,1.000000119,,,,,,,,,,,,,,,,,,,,,,,,,,,,,,,,,,,,,,,,
40,904.0,0.198467672,0.221089005,0.211390883,0.088733867,0.15563646,0.180201903,0.110479496,0.336380929,0.089514524,0.075470395,0.028310871,-0.026546542,0.002885563,0.067336649,0.173837364,0.134939298,0.136643291,0.15585582,0.322612524,0.138124928,0.081590526,0.19111535,0.386618674,0.089550629,0.089883208,0.183773354,0.013707163,0.306340873,0.244024634,0.139338702,0.174537763,0.097194865,0.203897193,0.260093927,0.226093352,0.089514524,0.14825584,0.267849565,0.202634752,0.089514524,1.0,,,,,,,,,,,,,,,,,,,,,,,,,,,,,,,,,,,,,,,
41,905.0,0.1810067,0.203702331,-0.048303626,-0.083334304,-0.075012602,0.390545398,0.013605962,0.183662385,0.07613536,0.065823555,0.174500763,0.054241918,0.07073272,-0.064781614,0.040227227,-0.020274039,-0.010742463,0.052171163,-0.0372058,-0.022649582,0.008527089,0.033931613,-0.00084151,-0.045967571,0.048390627,0.065989688,0.062398233,-0.038514197,0.079483174,0.082455218,-0.032457858,0.138002321,0.014630398,0.098984331,0.036615565,0.07613536,-0.017798126,0.000207942,-0.001450872,0.07613536,0.119518958,0.99999994,,,,,,,,,,,,,,,,,,,,,,,,,,,,,,,,,,,,,,
42,906.0,0.025825892,0.091063499,-0.043915667,-0.062498696,0.00624641,0.075044744,-0.076597273,0.215511844,0.002653576,0.038369775,0.034080748,-0.001202472,-0.017906532,-0.02186236,-0.089966208,-0.07909745,-0.026049303,-0.048950747,-0.004796172,-0.11041224,-0.044128083,0.047940057,0.146209344,0.047512993,0.026884068,0.021931237,0.126334101,0.091615893,0.13360703,0.15221566,-0.094705105,0.078869581,0.035648912,0.022474976,0.09751191,0.002653576,-0.044347815,0.022367729,-0.101002678,0.002653576,0.242430598,0.305541277,1.0,,,,,,,,,,,,,,,,,,,,,,,,,,,,,,,,,,,,,
43,907.0,0.228723213,0.236155748,0.292158008,0.277237117,0.219281554,0.134053856,0.125581175,0.338624775,0.077791885,-0.013533372,0.057848364,0.020544469,0.162394598,0.235022888,0.18976441,0.135147825,0.198948339,0.122425124,0.186664581,0.073350713,0.19056873,0.260377944,0.361476362,0.231627986,0.164517209,0.216204375,0.239866585,0.407529652,0.386885434,0.087693185,0.165272832,0.15714401,0.089442737,0.184871674,0.343225002,0.077791885,0.223776758,0.176397741,0.158248141,0.077791885,0.27198571,0.033167355,0.249894768,0.999999881,,,,,,,,,,,,,,,,,,,,,,,,,,,,,,,,,,,,
44,908.0,0.111234218,0.120640785,0.042603344,0.074237734,-0.090357095,-0.093521416,-0.00064671,0.079888403,0.022044677,-0.018986708,-0.060186464,-0.045639109,0.030602418,0.049003024,0.1376912,0.096217111,0.150175303,0.159957573,-0.004096013,-0.006144001,-0.022349652,0.112752967,0.031948663,0.200109035,0.229679376,0.103526816,0.010148227,-0.024202427,0.129110694,0.176403388,0.037063386,0.12550047,0.133108526,0.106602795,0.044940948,0.022044677,0.041913815,0.029487438,-0.018976651,0.022044677,0.035776451,-0.023244645,0.258800179,0.074420631,1.000000119,,,,,,,,,,,,,,,,,,,,,,,,,,,,,,,,,,,
45,909.0,0.119803481,0.247792959,0.00974663,0.0780413,0.079148978,0.062196791,0.03533116,0.204100966,0.033377737,0.072221294,0.051880278,0.053910207,0.038554415,0.053154118,0.044392504,0.006315324,0.030838557,0.009602739,0.019272136,-0.067665234,0.03589192,0.055415642,0.083592348,0.130658969,0.139323086,0.033892818,0.112852901,0.022379806,0.046660028,0.06189359,0.014780283,0.09380389,0.003302626,0.085090488,0.077783495,0.033377737,-0.005372854,0.093510948,0.12654072,0.033377737,0.167748779,0.086671725,0.272317827,0.145238727,0.411916316,0.999999881,,,,,,,,,,,,,,,,,,,,,,,,,,,,,,,,,,
46,910.0,0.167775318,0.054725431,0.201763347,0.145084858,0.099750742,0.048781648,0.118550122,0.086999543,-0.015857646,0.041196551,0.054033257,0.012951135,0.165506855,0.160224617,0.102645151,0.083086833,0.041261163,0.088676177,0.152256757,0.178753734,0.040611319,0.140752614,0.129693925,0.173162729,0.093848221,-0.012014497,0.040372126,0.070739836,0.066761628,-0.00536681,0.060341094,0.002365635,0.032746799,0.112630472,0.069030061,-0.015857646,0.146994278,0.089838937,0.070246771,-0.015857646,0.059907533,-0.033350881,-0.044730689,0.133693993,0.15012607,0.121481404,1.000000238,,,,,,,,,,,,,,,,,,,,,,,,,,,,,,,,,
47,911.0,0.17747435,0.344737411,0.014086548,-0.045689732,-0.02203358,0.093132786,0.059789091,0.152171716,0.097842939,0.021757275,-0.114616483,-0.083929062,0.045548137,0.020863734,0.149628475,0.151213422,0.082315683,0.069308944,-0.054083243,-0.096272618,0.04342024,0.062825657,0.086176075,0.016143404,0.197881892,0.034486853,0.056370314,-0.042574838,0.007681785,0.158921123,-0.0608254,0.172148332,0.038209185,0.135867029,0.069775149,0.097842939,0.060153171,0.102070592,0.198283166,0.097842939,0.154785365,0.200502813,0.177065045,0.097778931,0.249387145,0.402182221,0.015893921,1.0,,,,,,,,,,,,,,,,,,,,,,,,,,,,,,,,
48,912.0,0.111526117,0.128112927,-0.017871017,0.09740755,-0.084991068,0.14808917,0.066271037,0.251009941,0.087158293,-0.038046353,-0.106022112,0.055371396,0.117721915,-0.007372838,0.240396515,0.088605776,0.135947496,0.016289465,0.086543813,0.031445488,-0.01916163,0.111656711,0.180576891,0.029745527,0.071745008,0.037555896,0.05064588,0.017519558,0.119332619,0.087615825,0.121430904,0.131521985,0.058798146,0.139457852,0.060969315,0.087158293,0.014225222,0.063059822,0.209951624,0.087158293,0.209468544,0.092792138,0.112334721,0.176088989,0.137515947,0.238748521,0.074447535,0.321023762,1.000000238,,,,,,,,,,,,,,,,,,,,,,,,,,,,,,,
49,913.0,0.408090591,0.23377952,0.213024557,0.295728981,-0.008272562,-0.021980008,0.12032187,0.100041896,-0.022783674,-0.08011236,0.043529037,0.003171612,0.069387659,0.112527311,0.270874262,0.19442156,0.302907884,0.434834242,0.242916942,0.125717714,0.066755496,0.289813578,0.148519903,0.063937455,0.264816135,0.191522002,0.213150203,0.048176847,0.311826706,0.099280044,0.00017225,0.369032204,0.22869724,0.393153965,0.375039458,-0.022783674,0.161118567,0.255067796,0.133784562,-0.022783674,0.060375705,0.001595503,-0.029875912,0.160434932,0.194827437,0.122924432,0.13917695,0.127518728,0.190875828,1.000000238,,,,,,,,,,,,,,,,,,,,,,,,,,,,,,
50,914.0,0.005334958,-0.026056081,-0.057564843,-0.077818438,0.277954459,0.358915448,0.03313385,0.106310219,0.046082843,0.098245569,0.161055908,0.135306403,0.064073399,0.081991956,-0.066886485,-0.073654182,-0.036618121,-0.08055272,0.02457897,0.164367929,-0.078574993,0.014578387,0.027621884,0.150690228,-0.049312189,0.041660726,0.00660108,0.08779899,-0.087565213,-0.058895692,0.075639576,-0.171868876,-0.041786723,-0.114194855,-0.058566712,0.046082843,0.006567748,-0.103586018,-0.01058295,0.046082843,0.031370059,0.065226555,-0.020253252,0.107158586,-0.008427436,0.034693394,0.035197455,-0.016635282,0.061293997,-0.133823425,1.000000477,,,,,,,,,,,,,,,,,,,,,,,,,,,,,
51,915.0,0.129940003,0.038473964,0.066164061,-0.004511252,0.140692994,0.289928377,0.046213314,-0.029949576,0.036019143,-0.090708129,0.829289436,0.05916737,0.003303634,0.139286786,0.035601236,-0.018291947,0.00852384,-0.047167491,0.027475158,0.0131889,-0.015513003,0.085746728,-0.001637912,0.152286455,0.064208031,0.142019615,0.126886815,0.134970516,-0.07403934,-0.00195558,-0.004593957,-0.009233072,0.065969974,-0.054212205,0.065413937,0.036019143,0.012490712,0.066021867,0.089754008,0.036019143,0.033927314,0.159174234,0.080595858,0.075748183,-0.036789883,0.03838516,0.004232349,-0.0194558,-0.114676416,0.041967794,0.19270654,1.000000119,,,,,,,,,,,,,,,,,,,,,,,,,,,,
52,916.0,0.160621017,0.008773788,0.131592929,0.029663227,0.233092114,0.25913173,-0.012473998,-0.050098758,0.042331837,-0.033749141,0.432910442,0.142433882,0.091985591,0.070000924,0.015778225,0.006340638,0.039069079,0.079475015,-0.029164834,-0.012575838,0.048380822,0.102032743,-0.00655834,0.159673899,0.101549499,0.077275403,0.123027831,0.006802268,-0.003999616,0.034092963,0.001730043,0.020899348,0.138673365,0.043769047,0.077008575,0.042331837,0.106605709,0.045093127,0.073645234,0.042331837,-0.044133916,0.076216415,0.006810023,0.111445688,0.021594603,-0.047671646,0.063727297,-0.070101261,-0.127231956,-0.036809653,0.169992834,0.37991935,0.999999762,,,,,,,,,,,,,,,,,,,,,,,,,,,
53,917.0,-0.020096621,0.017168242,0.211244747,-0.072757691,0.077248946,0.062049262,0.09504582,0.108581096,-0.034625616,0.01043644,0.032966599,0.07722263,-0.045204435,-0.095232993,0.165290773,0.110857636,0.159278348,-0.033608206,-0.053158212,-0.06376981,0.140680879,0.092823692,0.12487632,-0.067976505,-0.051433042,0.021891834,-0.021895338,0.055562288,0.119627357,-0.006599329,-0.115525447,-0.003755052,-0.011450114,0.051010162,0.04695455,-0.034625616,0.199635684,0.103921503,0.072288871,-0.034625616,0.067846827,0.049476855,0.202975214,0.023348168,0.005378112,0.082077891,0.032723635,0.115952395,0.008474678,-0.048190031,-0.006778996,0.020437557,0.062393114,1.000000238,,,,,,,,,,,,,,,,,,,,,,,,,,
54,918.0,0.04269316,0.145946577,0.170711637,0.091546886,0.001388874,0.193575189,0.093519181,0.127934188,-0.005920812,-0.066960394,0.118214279,0.114826262,-0.000267079,0.092851564,0.114283793,0.075922713,0.147887841,0.013697095,0.001595832,-0.017005319,0.160813838,0.168374687,0.075716317,0.081908882,0.04430227,0.037413754,0.007605124,0.063985527,0.057999849,0.016453143,0.004853353,0.111917481,0.146066129,0.057507265,0.086282179,-0.005920812,0.125472337,0.10366603,0.128009841,-0.005920812,0.067692384,0.111605838,0.159472138,0.060866721,0.16736047,0.147055298,0.108084783,0.08368136,0.13641426,0.020513849,0.00815887,0.084773242,0.11300163,0.415911853,0.99999994,,,,,,,,,,,,,,,,,,,,,,,,,
55,919.0,0.069540471,0.026301276,0.113709539,0.014854152,0.095086828,0.139201984,-0.004982177,-0.018017624,-0.024705019,0.01931696,0.034816332,0.041234992,-0.064602487,-0.012666196,-0.036308378,-0.115716845,-0.027104115,0.022364441,0.079564288,0.002210885,-0.035230041,0.066872351,0.082913905,0.002924474,0.034039482,-0.007320549,0.023316132,0.089264423,0.049499199,0.004352663,0.0066058,0.002417862,-0.015324662,0.007186715,-0.023451151,-0.024705019,0.051326342,0.058696523,0.023868268,-0.024705019,0.044000879,0.062313545,-0.024872461,0.097731948,-0.063545339,-0.062858969,0.071598195,0.022151103,-0.055405535,-0.00554543,0.083554678,-0.010158546,0.03972831,0.017794769,0.071068659,0.99999994,,,,,,,,,,,,,,,,,,,,,,,,
56,920.0,0.195982248,0.121551014,0.558961153,0.241351217,0.160663545,0.148436755,0.260550261,0.217756376,0.02719401,-0.0453371,0.015554518,0.11757274,0.047436956,0.013701621,0.411151439,0.287820756,0.376852721,0.202278808,0.273447335,0.105170123,0.363750398,0.314729989,0.323579401,0.000253692,0.213953227,0.148544326,0.019924568,0.26880604,0.217815146,0.008263834,0.124253966,0.196810901,0.190988049,0.209100083,0.238827109,0.02719401,0.431229383,0.350489587,0.235708803,0.02719401,0.271339476,0.004638232,0.013151748,0.256063402,0.059036009,0.095406227,0.177620992,0.150209263,0.055342115,0.125230163,-0.006806811,-0.031649359,0.06180108,0.458629876,0.394933939,0.137684137,1.0,,,,,,,,,,,,,,,,,,,,,,,
57,921.0,-0.004821964,0.001536632,0.090170383,-0.05536548,0.025772154,0.039790403,-0.037498329,0.109174818,-0.029906111,0.102351628,-0.049394064,-0.024829729,0.108511709,-0.032824721,0.126491576,0.051606536,0.199740231,-0.063023612,-0.019637648,-0.056560926,0.219013095,0.097677886,0.224103361,-0.020054568,0.011217512,-0.044398334,-0.026300929,0.020496123,0.08668229,-0.061153181,0.004697861,-0.024882238,-0.064244024,0.00376486,-0.136657208,-0.029906111,0.195119992,0.1431835,0.144880489,-0.029906111,0.090950623,0.005711941,0.031842165,0.12742801,0.027940542,0.098061919,0.014950296,0.121762127,0.113602377,-0.06971015,0.08260268,-0.055928268,0.018305743,0.140036464,0.110354081,0.107327238,0.152664199,1.000000477,,,,,,,,,,,,,,,,,,,,,,
58,922.0,0.138346091,0.153442651,0.190671265,0.134076491,0.037641659,0.184901372,0.193602771,0.22669822,0.053079013,0.044163033,0.197581023,0.082894847,0.031021334,0.159637213,0.207946643,0.119696215,0.190801203,0.097585864,0.161541894,0.059953783,0.072306238,0.201334059,0.032747213,0.198795721,0.128165349,0.210461184,0.122284815,0.084780075,0.077875987,0.128661662,0.190117821,0.106389776,0.116791874,0.098660268,0.238650158,0.053079013,0.067850411,0.026665945,0.09252999,0.053079013,0.181494653,0.091248125,0.23959592,0.130058095,0.281770319,0.296949595,0.146052122,0.090732664,0.18350032,0.100237519,0.06670706,0.182843745,0.073767871,0.204819202,0.404683948,-0.070827603,0.143658176,-0.029549349,0.999999464,,,,,,,,,,,,,,,,,,,,,
59,923.0,0.391074568,0.210221633,0.288544476,0.31800127,-0.030609414,0.101327904,0.19240053,0.263822794,0.063288704,-0.01992194,-0.008283265,-0.123508602,-0.010267016,0.072313152,0.477049142,0.454670817,0.369238138,0.368420333,0.22463578,0.081358761,0.431301862,0.322938502,0.162331164,0.077466384,0.303636253,0.186046973,0.095598504,0.127773404,0.260352314,0.183882266,0.101007275,0.204864204,0.117406338,0.332934469,0.256829351,0.063288704,0.329650402,0.258783937,0.170229346,0.063288704,0.198132351,0.004809442,-0.052026916,0.186970204,0.164952829,0.229325056,0.046336785,0.315501034,0.240346089,0.320373148,-0.07754489,0.008674989,-0.11227604,0.151273534,0.111553133,-0.062642664,0.234315544,0.064770818,0.260147423,1.000000119,,,,,,,,,,,,,,,,,,,,
60,924.0,0.351507902,0.141006112,0.251495719,0.134187847,0.095034696,0.092243463,0.08353065,0.12814559,0.036362853,-0.047190987,0.003519478,0.033266503,0.087153077,0.158748537,0.325054348,0.297105193,0.336429417,0.282609344,0.199966997,0.192984521,0.185084969,0.412364572,0.08141014,0.200813591,0.27159816,0.129358098,0.209475398,0.194651112,0.277211487,0.045662709,0.076169565,0.233911753,0.174952567,0.332082748,0.297321379,0.036362853,0.349883914,0.225561306,0.076023683,0.036362853,0.045973171,-0.039690956,0.007155073,0.183574229,0.06278237,0.00016132,0.088223785,0.029515807,0.020352479,0.222784951,0.10715124,0.04546155,0.087984324,0.160895348,0.077641353,-0.064152755,0.196983546,0.1346668,0.146036103,0.331937373,0.999999762,,,,,,,,,,,,,,,,,,,
61,925.0,0.302794814,0.246563926,0.369351506,0.34356451,0.041766651,0.136058256,0.27726382,0.276703656,0.126587391,-0.039720602,0.004043994,0.186645895,0.184151366,0.157336235,0.327969491,0.351992369,0.347198635,0.478018403,0.287577927,0.301338792,0.256991953,0.510879636,0.194456935,0.169731185,0.419061124,0.26434058,0.260513067,0.145941824,0.309673727,0.204573795,0.199700624,0.458114088,0.294297755,0.429143429,0.430274993,0.126587391,0.273834556,0.341977447,0.151920095,0.126587391,0.203319967,0.024294455,0.002165436,0.191060841,0.179730624,0.147323698,0.204173937,0.139919072,0.097987913,0.399784029,-0.080275603,-0.027114786,0.069801524,0.112345129,0.151862681,-0.012597673,0.42770794,0.05021267,0.242632568,0.323729366,0.386629045,1.000000238,,,,,,,,,,,,,,,,,,
62,926.0,0.231206417,0.27965489,0.146021545,0.173953161,0.012971491,0.034975447,0.2857095,0.199147016,0.062178813,-0.098477095,0.065711126,0.076566875,0.092073612,0.100712359,0.242171437,0.281576633,0.27629602,0.383597612,0.103106767,0.134046555,0.080747165,0.374053538,0.077727094,0.149667695,0.387035012,0.230376497,0.096328974,0.043418191,0.265056252,0.286852628,0.108125657,0.367360711,0.30710876,0.359168708,0.348723859,0.062178813,0.047241338,0.20735088,0.134003565,0.062178813,0.135079592,0.116573334,0.191351697,0.159862548,0.295410335,0.225799918,0.259928048,0.134937018,0.185645208,0.383380562,-0.070507944,0.025019545,0.10937538,0.052963242,0.120543554,-0.125658959,0.107288532,-0.085580476,0.343297541,0.264047116,0.213796467,0.516846955,0.999999762,,,,,,,,,,,,,,,,,
63,927.0,0.278838545,0.179516047,0.227923885,0.254463971,0.20176515,0.055544902,0.228498593,0.248146176,0.04569263,-0.048267599,0.139708534,0.07428056,0.052488305,0.177824974,0.325579733,0.292862356,0.279641032,0.336156726,0.164856344,0.170563966,0.250811785,0.355485618,0.059333369,0.153891653,0.335169494,0.191718608,0.244217202,0.114135228,0.300146997,0.206241369,0.225144237,0.250430286,0.248058885,0.353408217,0.329322636,0.04569263,0.220913559,0.105729982,0.132567093,0.04569263,0.071711645,-0.039693415,-0.03390985,0.195014507,0.139993578,0.073681518,0.187109619,-0.06354405,0.090671375,0.305370271,-0.020607542,0.007693104,0.101773851,0.020715866,0.098342836,-0.064712778,0.126780391,-0.040810496,0.344417632,0.291082174,0.282469749,0.381848752,0.452435374,0.999999642,,,,,,,,,,,,,,,,
64,928.0,0.037069,0.011479298,-0.038143661,0.131530076,0.048572436,0.100913376,-0.010743978,0.097057372,0.00841783,0.061437577,-0.005420107,0.036872134,0.136019498,0.120787919,0.112224713,0.068259172,0.081831045,0.042352013,0.026663713,0.090611726,0.038297895,0.115003318,-0.061787378,0.04817906,0.09183491,-0.04762968,0.03943862,-0.076406568,-0.025831116,0.038964696,0.100268006,0.082718536,-0.007173995,0.062919542,-0.001587262,0.00841783,0.009927929,-0.023086738,0.00869605,0.008417852,-0.029488422,0.082497515,0.03410567,-0.028188372,0.134640142,0.084177375,0.034852445,0.003646523,0.082487687,0.037102167,0.093844421,-0.067336321,0.057727218,0.012254204,0.110615849,0.004139319,0.06252005,-0.058031291,0.127522171,0.080749735,-0.01644944,0.138587624,0.171705186,0.203021392,1.000000119,,,,,,,,,,,,,,,
65,929.0,0.118061692,0.103738017,0.008166518,0.09476243,-0.042282,-0.035248168,0.057111789,0.256233811,0.061242245,0.013652937,0.106990151,0.014259698,0.108837344,0.096265621,0.145147145,0.208587691,0.119444922,0.127609104,0.111958981,-0.026150767,0.016905826,0.090862706,0.029871058,0.129991442,0.215288237,0.048366975,0.010837186,0.045053553,0.086347446,0.099920936,0.105246097,0.112380378,0.11297521,0.128917605,0.110501617,0.061242245,0.085048795,-0.016461618,0.03376073,0.061242297,0.081879109,0.003092892,0.175823808,0.080167539,0.290997446,0.168982998,0.051449373,0.191024259,0.240358144,0.223521724,0.030045111,0.091219544,-0.011003443,-0.079255752,0.101147518,-0.1441136,0.08173874,0.024229478,0.099106669,0.185620412,0.052108452,0.125590086,0.190009415,0.195296913,0.125079274,0.999999821,,,,,,,,,,,,,,
66,930.0,0.0534456,0.077206478,0.039318074,0.043621976,-0.00879269,0.152570799,0.066612244,0.279207379,0.137202665,-0.055144027,-0.009745853,0.103880301,0.064817935,0.021624949,0.142574459,-0.006771926,0.131013796,0.004052859,0.004532604,0.056348689,-0.030664828,0.102861613,0.34763968,0.082120016,0.031454194,0.019948674,-0.00648337,0.156264365,0.203696802,-0.015838806,0.041721463,0.076804541,-0.023853954,0.075437054,0.001445796,0.137202665,0.027754853,0.162398085,0.164294809,0.137202665,0.283592969,0.081469841,0.159144148,0.295707196,0.005169649,0.126874223,-0.034416676,0.093575493,0.494083643,-0.014450731,0.114429042,-0.008290096,0.007066581,0.063073784,0.179944664,0.071045458,0.051654279,0.17312789,0.072988726,0.017822379,0.064671665,0.082598269,0.079704568,-0.000535481,0.025294892,0.06861347,1.0,,,,,,,,,,,,,
67,931.0,-0.01793883,0.076634325,-0.00677447,0.020044925,-0.007096179,0.06518355,0.096771672,0.150677383,0.089991271,0.00485161,-0.000201134,0.191573694,0.12334013,0.091231011,0.070784256,0.014202124,0.123179398,0.01666712,-0.030484922,0.004968079,0.026310284,0.118928656,0.203779757,0.072929561,0.141170919,-0.022651024,0.032819018,0.052578673,0.107167959,-0.042828418,-0.033306856,-0.00500506,-0.005939122,0.079618782,-0.063728198,0.089991271,-0.087653227,0.050194114,0.026670184,0.089991271,0.060438227,-0.032333627,0.029218007,0.072523952,0.068607762,0.157069147,0.033200756,-0.043456644,0.135901958,-0.008312261,0.103066161,-0.048409678,0.094425917,0.061272711,0.101519689,-0.078110829,0.060834207,0.068057001,-0.002272706,0.022671351,-0.004369336,0.139698058,0.117656112,0.051783636,0.063522823,0.160274789,0.359532923,0.999999762,,,,,,,,,,,,
68,932.0,0.118784949,0.075862773,0.176543653,-0.006778669,0.017446455,0.00640092,0.086273193,0.088804193,0.051819596,0.204930067,-0.003446992,-0.008772198,0.069949843,0.029692814,0.174309596,0.036549978,0.222516,0.008393133,0.070280433,-0.017379779,0.051281445,0.079355083,0.152958095,0.094527982,0.024716027,0.08499185,-0.015136236,0.069837853,0.115132131,-0.030073157,-0.053612541,0.066463038,-0.048953362,0.176668227,0.062767044,0.051819596,0.143586248,0.291368306,0.10781759,0.051819596,0.114465296,0.033040918,0.034422234,0.142599702,-0.062955171,0.046587739,-0.019777346,0.111480206,0.014670895,0.019086003,0.035418596,-0.001600533,-0.009895789,-0.051880155,0.023964571,0.206528857,0.112478003,0.338602126,-0.005510959,0.062536396,0.103616334,0.094275229,-0.023832409,0.016243044,0.042946834,0.063108981,0.06551744,-0.06138891,1.0,,,,,,,,,,,
69,933.0,0.031334277,0.052107245,0.180332392,0.268949151,0.021228533,0.115546726,0.150982067,0.109173357,0.178880513,0.048135333,0.061814651,-0.019886276,0.056350514,0.117921934,0.260241628,0.18368414,0.307387829,0.188770175,0.166228935,0.078507476,0.114630088,0.268027306,0.148478001,0.035880066,0.201695889,0.197162107,0.213616818,0.128951102,0.138708591,0.149924874,0.104912221,0.316533625,0.084712468,0.23851046,0.20835498,0.178880513,0.150319129,0.042924389,0.039131086,0.178880513,0.063787706,0.00123609,0.019448306,0.155159995,0.113837928,0.031764075,0.190052599,-0.000670033,0.15404965,0.200506821,-0.007028222,-0.015446767,-0.027602762,0.054406997,0.093660578,0.061036982,0.184253648,-0.016325761,0.175538331,0.211403355,0.070911139,0.285174519,0.224706367,0.327543199,0.170210272,0.152948186,0.012693356,0.154981017,-0.002699176,0.999999821,,,,,,,,,,
70,934.0,0.203635067,0.086294502,0.006982137,0.190566316,0.088055849,0.187033236,0.107297651,0.039254125,0.069458455,-0.042438459,0.138456494,0.142747387,0.1877608,0.405335456,0.056631003,-0.006250795,0.057038628,0.054328583,0.11825572,0.182417542,0.057717092,0.202468663,0.089533731,0.322606683,0.196212828,0.244390726,0.182745531,0.211021185,0.107809804,0.058618579,0.117731661,0.064806506,0.206000417,0.046006411,0.187317103,0.069458455,0.01566487,0.025439188,0.046857029,0.069458455,0.127675533,-0.007983215,0.030813091,0.299882352,0.014504728,0.11849755,0.050564148,0.023159394,0.12854895,0.066952638,0.238785028,0.145344824,0.152265042,-0.039793886,0.008590735,0.001702796,0.046946805,0.074164547,0.112150371,0.054372035,0.225088567,0.152831957,0.137127578,0.204079106,0.073484853,0.092724569,0.131465197,0.131926388,0.000213355,0.17372103,1.000000358,,,,,,,,,
71,935.0,0.068479761,0.161312535,0.024283122,0.021952372,0.071646467,0.165839911,-0.064273015,0.065324843,0.045205288,0.01399598,0.10749045,0.177628219,0.161118194,0.036598086,0.027705802,0.036857072,0.007160428,-0.010600404,0.046782948,0.033436745,-0.039844889,0.052945696,0.210359305,0.111623764,-0.036510766,0.016973238,-0.002986241,0.278101057,0.029646344,-0.061802212,0.081861332,-0.042219378,-0.056979015,0.101105548,0.046098422,0.045205288,0.046403918,0.076841936,0.242597565,0.045205288,0.2008259,0.002219182,0.108584583,0.229152858,0.0854479,0.081320122,0.055198744,0.011512961,0.185593247,-0.000532379,0.196007162,0.146633774,0.03783568,-0.060944878,0.071996726,-0.011140026,0.084192067,0.064652078,0.160432458,-0.0192194,0.070172571,-0.011489586,0.05896147,0.007036629,0.079871312,0.062141933,0.196197882,-0.031639893,0.023006463,-0.00625157,0.083347745,0.999999881,,,,,,,,
72,936.0,0.125942856,0.187826246,0.136937231,0.28547442,0.028568879,0.134348929,0.202633381,0.155776709,0.098753765,-0.007900446,0.111616239,0.083548151,-0.025328709,0.185524166,0.070004053,0.150391906,0.103652015,0.200683624,0.090760365,0.10584183,0.131982043,0.259114265,0.070584029,0.114125058,0.275602341,0.267969698,0.339875847,0.221046492,0.200387001,0.269131154,0.221209735,0.427543998,0.665420532,0.365456253,0.347791255,0.098753765,0.119313359,0.130025014,0.056793563,0.098753765,0.154692441,0.022299351,0.027796479,0.138488829,0.084607556,0.054006778,0.039387655,0.087419666,0.112323113,0.21193698,-0.039456636,0.021786569,0.046027828,-0.036774158,0.076749727,-0.006498486,0.128043205,-0.006384802,0.082155235,0.075516053,0.112899095,0.259060115,0.312964588,0.210834801,-0.033616822,0.13297528,0.025331488,0.064913094,-0.012121342,0.213800743,0.178097129,0.040785819,1.0,,,,,,,
73,937.0,0.197611988,0.022529427,0.044307083,0.193327248,-0.028343223,-0.005133012,0.030329326,-0.012332126,0.017605579,-0.063299447,0.088903204,-0.033678487,0.060525108,0.149710059,0.129439324,0.128266916,0.050340794,0.023134556,0.064436287,0.1961312,0.035767104,0.067678139,0.084259257,0.238396212,0.22604236,0.06086278,0.027027739,0.018314065,0.05997663,0.102017894,0.069078632,-0.015079413,0.135317594,0.037857998,0.029995194,0.017605579,0.053806826,-0.021579605,-0.021557182,0.017605579,0.012110608,-0.070592418,0.167488813,0.119247451,0.501476347,0.268333912,0.152273178,0.075963818,0.118679255,0.155598491,0.032792978,0.056785032,0.006599516,-0.028741151,0.090607628,-0.075828135,0.059003789,-0.013206551,0.171750426,0.175661311,0.075719446,0.125577122,0.147792429,0.119673342,0.075158991,0.239539444,-0.04698389,0.039254427,0.01147183,0.148040012,0.186177254,-0.028066728,0.045010351,0.999999881,,,,,,
74,938.0,0.235332772,0.073955841,0.17155385,0.333785206,0.084102407,0.007517479,0.151707917,0.059298791,-0.022529282,-0.026017541,0.028469138,-0.078845516,0.008471261,0.112929679,0.234129012,0.231436789,0.266256928,0.275926679,0.144827113,0.202049538,0.357076228,0.223015815,0.166926518,0.115053758,0.26594162,0.12162482,0.028648421,0.096656702,0.176931262,0.066444725,0.144589648,0.199747443,0.205612466,0.225507826,0.231494665,-0.022529282,0.219394773,0.202991486,-0.025580101,-0.022529282,0.007130161,-0.076191567,-0.015258349,0.210714862,0.13801533,0.118907809,0.080375299,0.018737879,0.045397338,0.257746577,0.06190408,-0.042817399,-0.03563647,0.040519617,0.017147146,-0.0798425,0.199410856,0.052462026,0.045635778,0.354249418,0.290393412,0.25611046,0.204189211,0.295430928,0.11078658,0.082120389,0.028313197,0.036823329,0.005846445,0.181862503,0.159291804,0.00454274,0.145849541,0.249447942,1.000000358,,,,,
75,939.0,0.129288152,-0.007308904,0.163125888,0.269826412,-0.034450859,0.123234794,0.062649652,0.046563346,0.047021978,-0.007164422,-0.002143688,0.112888515,0.054921508,0.083374083,0.131549343,0.172998428,0.159088582,0.237141728,0.249427944,0.31949386,0.189339578,0.341971159,0.102248669,0.160675734,0.182016328,0.18916437,0.185477436,-0.025692573,0.128022164,0.196169719,0.165975705,0.296039075,0.315211326,0.186378896,0.364769012,0.047021978,0.086010583,0.155399501,-0.042248257,0.047021978,0.105090857,0.014364369,-0.020814378,0.075834513,-0.008443367,-0.081468217,0.085885257,-0.115436859,0.032317936,0.210844278,0.069373332,-0.0304955,0.034687489,0.034472458,0.011842988,-0.057383999,0.193640709,-0.090867624,0.153758377,0.137563288,0.242127284,0.404579103,0.303927869,0.266606688,0.065345995,-0.003061222,-0.050315939,0.056851149,-0.044403832,0.137018472,0.136672616,-0.042094342,0.196299121,0.097047761,0.211155683,1.000000358,,,,
76,940.0,0.052861799,-0.07721398,0.102373257,0.266411483,-0.014114526,0.149684072,0.074515082,0.115028247,0.02960629,0.02278756,0.094424054,0.040888146,-0.010584387,0.099672303,0.086344138,0.11455676,0.110722199,0.01639488,0.032508485,0.063353047,0.072756022,0.096737176,0.091468453,0.000632897,0.061378844,0.099155754,0.14234142,0.126002789,0.020275384,0.082853839,0.083741397,0.057763427,0.101245865,0.067304246,0.063051939,0.02960629,0.132182553,0.065768875,0.029161997,0.02960629,0.029938845,-0.068153553,0.130311683,0.095384255,0.109178677,0.034702517,0.008620149,-0.014530572,-0.007265218,0.055918518,0.097562961,-0.052001104,0.064216033,0.105021901,0.080543473,-0.029119564,0.116729215,0.091786176,0.078852758,0.155530035,0.090145588,0.201066062,0.128387794,0.098535717,0.155534953,0.105259344,-0.019701578,0.129096523,-0.019832043,0.155905515,0.098751299,-0.045051306,0.085085914,0.23369658,0.135691017,0.217192441,1.0,,,
77,947.0,0.2695722579956054,0.3650049567222595,0.3776768743991852,0.1721708625555038,0.0842887908220291,0.047807939350605,0.2658754587173462,0.3303389251232147,0.0381805524230003,-0.0292463414371013,-0.0297889001667499,0.0241085067391395,0.0405579134821891,0.124320775270462,0.4071747660636902,0.3278380036354065,0.4181927442550659,0.4493839740753174,0.2849915623664856,0.0186386555433273,0.2760292291641235,0.4356997907161712,0.1700292080640792,0.1866965293884277,0.4592407047748565,0.2889061570167541,0.258486270904541,0.1206129342317581,0.5244745016098022,0.2313688397407531,0.1464469730854034,0.3585041165351867,0.1883475184440612,0.4882490932941437,0.4620775878429413,0.0381805524230003,0.2838069498538971,0.2101480364799499,0.1195425763726234,0.0381805524230003,0.2620234489440918,0.0537985451519489,0.0909861326217651,0.2978151440620422,0.1836218386888504,0.2026992738246917,0.1051467433571815,0.2235087752342224,0.1028322950005531,0.3309512734413147,-0.0585330054163932,-0.0340367928147316,0.0365625955164432,0.190235823392868,0.1153042241930961,0.0013088965788483,0.3044390082359314,0.0726973041892051,0.2509479522705078,0.4167944490909576,0.3941783010959625,0.5020766854286194,0.3941913843154907,0.3023948073387146,0.0350983850657939,0.1288352012634277,0.0679656937718391,0.0355624854564666,0.1754901260137558,0.2135834991931915,0.1228412240743637,-0.0064353719353675,0.1597722768783569,0.0768656730651855,0.2190586924552917,0.126590147614479,0.0419216156005859,1.0,,
78,948.0,0.2295345366001129,0.3232148289680481,0.1705024689435959,0.204240471124649,0.0988297834992408,0.117030844092369,0.1511986553668975,0.2608586251735687,0.1191460341215133,-0.1381376683712005,0.054671511054039,0.1045577600598335,0.0410398468375206,0.1073896735906601,0.289741039276123,0.257927656173706,0.2204595953226089,0.4692144095897674,0.1528890430927276,0.1311629116535186,0.2845090925693512,0.4522012770175934,0.107728511095047,0.0394279584288597,0.4921517968177795,0.248190775513649,0.2067141383886337,0.1006151288747787,0.3416659533977508,0.1964657008647918,0.2882671952247619,0.2986878156661987,0.1705469489097595,0.3670963048934936,0.3252764940261841,0.1191460341215133,0.1925306767225265,0.1370296776294708,0.1495118737220764,0.1191460341215133,0.0965252816677093,0.0993541777133941,-0.0251134596765041,0.1736388206481933,0.0767882168292999,0.0717138946056366,0.0740679204463958,0.0393908880650997,0.068668708205223,0.2254141569137573,-0.0538620539009571,0.0322732478380203,0.1316425502300262,0.0876095667481422,0.0920680314302444,-0.0544602647423744,0.1970385313034057,0.054621648043394,0.1752174198627472,0.2516622543334961,0.2513459026813507,0.4030387699604034,0.3086636364459991,0.3407869338989258,0.0977095961570739,0.1263167113065719,0.0710655078291893,0.093739353120327,-0.0197746008634567,0.2210562378168106,0.1260072886943817,0.0638289898633956,0.1840914487838745,0.119934007525444,0.1308228969573974,0.1714858114719391,0.0862785950303077,0.4503657817840576,0.9999997615814208,
79,949.0,0.09483212977647781,0.14269638061523438,-0.08396314084529877,0.008666515350341797,-0.06630228459835052,0.18816596269607544,0.036419227719306946,0.1396373212337494,0.08951185643672943,0.08489657193422318,0.14765183627605438,0.18549995124340057,0.02745337411761284,-0.06952234357595444,-0.03734230995178223,-0.07911194860935211,0.017508212476968765,0.0838603749871254,-0.055280379951000214,-0.021079419180750847,-0.022921452298760414,0.07185215502977371,-0.005345628596842289,-0.07259029895067215,0.10249083489179611,0.0721307098865509,0.12804128229618073,-0.0760912075638771,0.09467503428459167,0.15872423350811005,0.0048015546053647995,0.30064424872398376,0.1250905841588974,0.14164865016937256,0.08004261553287506,0.08951185643672943,-0.09306016564369202,0.06612436473369598,-0.05665295198559761,0.08951185643672943,0.07387947291135788,0.5664366483688354,0.3201407194137573,-0.10023335367441177,0.08089776337146759,0.14980287849903107,0.03652866184711456,0.02024313621222973,0.0414402037858963,0.12004861235618591,-0.08358806371688843,0.07622282952070236,0.0989164412021637,0.08987084031105042,0.1627529412508011,0.08997683227062225,-0.035048194229602814,-0.05798674747347832,0.13702183961868286,-0.09686252474784851,-0.08465977758169174,0.12260088324546814,0.26797083020210266,0.0728120431303978,0.14150702953338623,-0.03464927524328232,0.03266739845275879,0.03890519216656685,-0.06973747909069061,0.06600698083639145,-0.08834415674209595,-0.010414686053991318,0.136677086353302,-0.09627699851989746,-0.08625130355358124,0.10145920515060425,-0.05318635702133179,0.09300681203603745,0.1518741101026535,1.0000003576278687
